x,y,width,height,score
185,64,59,59,0.500319
188,64,59,59,0.683122
185,66,59,59,0.540175
187,66,59,59,0.692223
188,66,59,59,0.522299
187,68,59,59,0.687487
188,68,59,59,0.593784
190,68,59,59,0.531307
178,59,71,71,0.533025
180,59,71,71,0.523973
182,59,71,71,0.691978
180,61,71,71,0.714501
182,61,71,71,0.64581
180,63,71,71,0.517539
148,106,71,71,0.518391
152,106,71,71,0.569463
138,2,101,101,0.562341
141,2,101,101,0.522784
144,2,101,101,0.542192
